constellation,from_hr,to_hr,weight
And,15,165,normal
And,63 68,154,thin
And,63 68,8965,thin
And,154,165,thin
And,154,337,thin
And,163,165,thin
And,163,215,thin
And,165,337,normal
And,215,271,thin
And,226,269,thin
And,226,335,thin
And,269,337,thin
And,335,464,thin
And,337,603,normal
And,8762,8965,thin
And,8961,8976,thin
And,8965,8976,thin
Ant,3765,4104,thin
Ant,4104,4273,thin
Aps,5470,6020 6102,thin
Aps,6020,6163,thin
Aps,6102,6163,thin
Aql,7176,7235,thin
Aql,7193,7236,thin
Aql,7235,7236,thin
Aql,7235,7377,normal
Aql,7236,7377,normal
Aql,7236,7447,thin
Aql,7377,7525,normal
Aql,7377,7570,normal
Aql,7447,7710,thin
Aql,7525,7557,normal
Aql,7557,7602,normal
Aql,7570,7710,normal
Aqr,7950,8232,normal
Aqr,8232,8414,normal
Aqr,8232,8418,thin
Aqr,8414,8499,thin
Aqr,8414,8518,normal
Aqr,8414,8539,normal
Aqr,8499,8698,thin
Aqr,8518,8559,normal
Aqr,8539,8559,normal
Aqr,8559,8597,normal
Aqr,8679,8698,thin
Aqr,8679,8709,thin
Aqr,8698,8834,thin
Aqr,8709,8858,thin
Aqr,8812,8858,thin
Aqr,8834,8858,thin
Aqr,8858,8892,thin
Ara,6229,6285,thin
Ara,6229,6500,thin
Ara,6285,6295,thin
Ara,6295,6510,thin
Ara,6461,6510,thin
Ara,6462,6500,thin
Ara,6510,6743,thin
Ari,546,553,normal
Ari,553,617,normal
Ari,617,838,thin
Aur,1577,1641,bold
Aur,1577,1791,bold
Aur,1605,1612,normal
Aur,1605,1708,normal
Aur,1612,1641,normal
Aur,1641,1708,bold
Aur,1708,2077,normal
Aur,1708,2088,bold
Aur,1791,2095,bold
Aur,2077,2088,normal
Aur,2088,2095,bold
Boo,5185,5235,thin
Boo,5235,5340,thin
Boo,5329,5351,thin
Boo,5329,5404,thin
Boo,5340,5429,normal
Boo,5340,5478,thin
Boo,5340,5506,normal
Boo,5351,5404,thin
Boo,5351,5435,thin
Boo,5429,5435,normal
Boo,5435,5602,normal
Boo,5506,5681,normal
Boo,5602,5681,normal
CMa,2294,2429,normal
CMa,2294,2491,bold
CMa,2429,2580,normal
CMa,2491,2596,thin
CMa,2491,2693,bold
CMa,2574,2596,thin
CMa,2574,2657,thin
CMa,2580,2618,normal
CMa,2596,2657,thin
CMa,2618,2693,bold
CMa,2693,2827,bold
CMi,2845,2943,normal
CVn,4785,4915,thin
Cae,1443,1502,thin
Cae,1502,1503,thin
Cae,1503,1652,thin
Cam,1035,1155,thin
Cam,1148,1155,thin
Cam,1148,1542,thin
Cam,1542,1603,thin
Cam,1542,2209,thin
Cam,1568,1603,thin
Cam,2209,2527,thin
Cap,7754,7776,normal
Cap,7754,8075,normal
Cap,7776,7936,normal
Cap,7936,7980,normal
Cap,7980,8204,normal
Cap,8075,8278,normal
Cap,8204,8260,normal
Cap,8260,8322,normal
Cap,8278,8322,normal
Car,2326,3685,normal
Car,3117,3207,thin
Car,3117,3307,thin
Car,3307,3699,thin
Car,3485,3699,normal
Car,3685,4037,normal
Car,3699,4050,normal
Car,4037,4199,normal
Car,4050,4140,normal
Car,4140,4199,normal
Car,4140,4257,thin
Car,4199,4325,thin
Car,4257,4337,thin
Car,4325,4352,thin
Car,4337,4352,thin
Cas,21,168,bold
Cas,168,264,bold
Cas,264,403,bold
Cas,403,542,bold
Cen,4390,4621,thin
Cen,4441 4442,4638,thin
Cen,4621,4743,thin
Cen,4638,4743,thin
Cen,4743,4819,thin
Cen,4817,5028,thin
Cen,4819,5132,normal
Cen,4819,5231,normal
Cen,5028,5089,thin
Cen,5089,5190 5193,thin
Cen,5132,5231,normal
Cen,5132,5267,normal
Cen,5190 5193,5231,normal
Cen,5190 5193,5288,normal
Cen,5231,5249 5260,normal
Cen,5248,5249 5260,normal
Cen,5248,5285,normal
Cen,5248,5440,normal
Cen,5267,5459,normal
Cen,5285,5367,normal
Cen,5288,5367,normal
Cen,5440,5576,thin
Cep,7850,7957,thin
Cep,7957,8162,normal
Cep,8162,8238,normal
Cep,8162,8316,normal
Cep,8238,8694,normal
Cep,8238,8974,normal
Cep,8316,8494,normal
Cep,8465,8494,normal
Cep,8465,8571,normal
Cep,8571,8694,normal
Cep,8694,8974,normal
Cet,74,188,normal
Cet,74,334,normal
Cet,188,509,normal
Cet,334,402,normal
Cet,402,539,normal
Cet,509,539,normal
Cet,539,681,normal
Cet,681,779,normal
Cet,718,804,normal
Cet,718,813,normal
Cet,779,804,normal
Cet,804,911,normal
Cet,813,896,normal
Cet,896,911,normal
Cha,3318 3340,4174,thin
Cha,4174,4234,thin
Cha,4174,4583,thin
Cha,4234,4674,thin
Cha,4583,4674,thin
Cir,5463,5670,thin
Cir,5463,5704,thin
Cnc,3249,3461,thin
Cnc,3449,3461,thin
Cnc,3449,3475,thin
Cnc,3461,3572,thin
Col,1862,1956,thin
Col,1956,2040,normal
Col,2040,2106,thin
Col,2040,2120,thin
Col,2106,2296,thin
Com,4737,4983,thin
Com,4968,4983,thin
CrA,6951,7242,thin
CrA,7226,7254,thin
CrA,7242,7259,thin
CrA,7254,7259,thin
CrB,5747,5778,normal
CrB,5747,5793,normal
CrB,5793,5849,normal
CrB,5849,5889,normal
CrB,5889,5947,normal
CrB,5947,5971,thin
Crt,4287,4343,thin
Crt,4287,4382,thin
Crt,4343,4405,thin
Crt,4382,4402,thin
Crt,4382,4405,thin
Crt,4402,4468,thin
Crt,4405,4514,thin
Crt,4514,4567,thin
Cru,4656,4853,bold
Cru,4730,4763,bold
Crv,4623,4630,thin
Crv,4630,4662,normal
Crv,4630,4786,normal
Crv,4662,4757,normal
Crv,4757,4786,normal
Cyg,7328,7420,thin
Cyg,7417,7796,bold
Cyg,7420,7528,thin
Cyg,7420,7751,thin
Cyg,7528,7796,bold
Cyg,7751,7924,thin
Cyg,7796,7924,bold
Cyg,7796,7949,bold
Cyg,7924,8028,thin
Cyg,7949,8115,thin
Cyg,8028,8115,thin
Del,7852,7882,normal
Del,7882,7906,normal
Del,7882,7928,normal
Del,7906,7948,normal
Del,7928,7948,normal
Dor,1338,1465,thin
Dor,1465,1674,thin
Dor,1465,1922,thin
Dor,1674,1922,thin
Dor,1922,2015,thin
Dor,1922,2102,thin
Dor,2015,2102,thin
Dra,4434,4787,normal
Dra,4787,5291,normal
Dra,5291,5744,normal
Dra,5744,5986,normal
Dra,5986,6132,normal
Dra,6132,6396,normal
Dra,6396,6920,normal
Dra,6536,6555,normal
Dra,6536,6705,normal
Dra,6555,6688,normal
Dra,6688,6705,normal
Dra,6688,7310,normal
Dra,6920,6927,normal
Dra,6920,7310,normal
Dra,7310,7582,normal
Equ,8097,8123,thin
Equ,8123,8131,thin
Eri,472,566,normal
Eri,566,721,normal
Eri,721,789,normal
Eri,789,794,normal
Eri,794,897,normal
Eri,811,818,normal
Eri,811,874,normal
Eri,818,919,normal
Eri,874,1084,normal
Eri,897,1008,normal
Eri,919,1003,normal
Eri,1003,1088,normal
Eri,1008,1106,normal
Eri,1084,1136,normal
Eri,1088,1173,normal
Eri,1106,1143 1190,normal
Eri,1136,1162,normal
Eri,1143 1190,1195,normal
Eri,1162,1231,normal
Eri,1173,1213,normal
Eri,1195,1347,normal
Eri,1213,1240,normal
Eri,1231,1298 1325,normal
Eri,1240,1453,normal
Eri,1298 1325,1463,normal
Eri,1347,1393,normal
Eri,1393,1464,normal
Eri,1453,1464,normal
Eri,1463,1520,normal
Eri,1520,1666,normal
For,612,841,thin
For,841,963,thin
Gem,2134,2216,thin
Gem,2216,2286,normal
Gem,2286,2473,normal
Gem,2343,2473,normal
Gem,2421,2650,normal
Gem,2473,2697,normal
Gem,2484,2763,normal
Gem,2540,2697,normal
Gem,2650,2777,normal
Gem,2697,2821,normal
Gem,2697,2891,normal
Gem,2763,2777,normal
Gem,2777,2905,normal
Gem,2821,2905,normal
Gem,2905,2985,normal
Gem,2905,2990,normal
Gru,8353,8411,thin
Gru,8411,8556 8560,thin
Gru,8425,8556 8560,thin
Gru,8425,8636,thin
Gru,8556 8560,8636,thin
Gru,8636,8675,thin
Gru,8675,8747,thin
Her,5914,6023,thin
Her,6023,6092,thin
Her,6092,6168,normal
Her,6095,6117,thin
Her,6095,6148,normal
Her,6117,6159,thin
Her,6148,6212,normal
Her,6148,6406,normal
Her,6168,6220,normal
Her,6212,6220,normal
Her,6212,6324,normal
Her,6220,6418,normal
Her,6324,6410,normal
Her,6324,6418,normal
Her,6406,6410,normal
Her,6410,6526,normal
Her,6418,6485,normal
Her,6485,6695,normal
Her,6526,6623,normal
Her,6588,6695,normal
Her,6623,6703,normal
Her,6703,6779,normal
Hor,778,802,thin
Hor,778,810,thin
Hor,802,934,thin
Hor,810,1326,thin
Hor,909,934,thin
Hya,3410,3418,normal
Hya,3410,3482,normal
Hya,3418,3454,normal
Hya,3454,3492,normal
Hya,3482,3547,normal
Hya,3547,3665,normal
Hya,3665,3845,normal
Hya,3748,3845,normal
Hya,3748,3903,normal
Hya,3903,3970,normal
Hya,3970,3994,normal
Hya,3994,4094,normal
Hya,4094,4232,normal
Hya,4232,4287,normal
Hya,4343,4450,normal
Hya,4450,4552,normal
Hya,4552,5020,normal
Hya,5020,5287,normal
Hya,5287,5526,thin
Hyi,98,591,thin
Hyi,98,1208,thin
Hyi,591,705 806,thin
Hyi,705 806,1208,thin
Ind,7869,7920,thin
Ind,7869,8140,thin
Ind,7920,7986,thin
Ind,7986,8368,thin
Ind,8140,8368,thin
LMi,3800,3974,thin
LMi,3974,4090,thin
LMi,3974,4100,thin
LMi,4090,4247,thin
LMi,4100,4247,thin
Lac,8485,8498,thin
Lac,8485,8579,thin
Lac,8523,8572,thin
Lac,8523,8579,thin
Lac,8538,8541,thin
Lac,8538,8585,thin
Lac,8541,8572,thin
Lac,8572,8585,thin
Lac,8572,8632,thin
Lac,8579,8632,thin
Leo,3731,3773,thin
Leo,3731,3905,thin
Leo,3773,3873,thin
Leo,3873,3905,bold
Leo,3873,3975,thin
Leo,3905,4031,bold
Leo,3975,3982,bold
Leo,3975,4057,bold
Leo,3975,4359,normal
Leo,4031,4057,bold
Leo,4057,4357,normal
Leo,4357,4359,normal
Leo,4357,4534,normal
Leo,4359,4399,thin
Leo,4359,4534,normal
Leo,4386,4399,thin
Lep,1654,1702,normal
Lep,1654,1829,normal
Lep,1702,1705,thin
Lep,1702,1756,thin
Lep,1702,1865,normal
Lep,1829,1865,normal
Lep,1829,1983,thin
Lep,1865,1998,thin
Lep,1983,2035,thin
Lep,1998,2085,thin
Lep,2035,2155,thin
Lep,2085,2155,thin
Lib,5531,5603,thin
Lib,5531,5685,normal
Lib,5531,5787,thin
Lib,5685,5787,thin
Lib,5787,5794,thin
Lib,5794,5812,thin
Lup,5469,5649,normal
Lup,5571,5695,normal
Lup,5649,5708,normal
Lup,5649,5948,normal
Lup,5695,5776,normal
Lup,5705,5883,normal
Lup,5705,5948,normal
Lup,5708,5776,normal
Lup,5776,5948,normal
Lup,5883,5948,normal
Lyn,2238,2560,normal
Lyn,2560,2818,normal
Lyn,2818,3275,normal
Lyn,3275,3579,normal
Lyn,3579,3612,normal
Lyn,3612,3690,normal
Lyn,3690,3705,normal
Lyr,7001,7051,normal
Lyr,7001,7056,normal
Lyr,7051,7056,normal
Lyr,7056,7106,normal
Lyr,7056,7139,normal
Lyr,7106,7178,normal
Lyr,7139,7178,normal
Mon,2227,2356,thin
Mon,2298,2385,thin
Mon,2298,2506,thin
Mon,2356,2714,thin
Mon,2385,2456,thin
Mon,2385,2506,thin
Mon,2506,2714,thin
Mon,2714,3188,thin
Mon,2970,3188,thin
Mus,4520,4671,thin
Mus,4671,4798,thin
Mus,4773,4798,thin
Mus,4773,4923,thin
Mus,4798,4844,thin
Mus,4844,4923,thin
Nor,5962,5980,thin
Nor,5962,6072,thin
Nor,5980,6115,thin
Nor,6072,6115,thin
Oct,5339,8254,thin
Oct,5339,8630,thin
Oct,8254,8630,thin
Oph,6056,6075,normal
Oph,6056,6149,normal
Oph,6075,6129,normal
Oph,6104,6112,thin
Oph,6104,6118,thin
Oph,6118,6147,thin
Oph,6129,6175,normal
Oph,6147,6175,thin
Oph,6149,6299,normal
Oph,6175,6299,normal
Oph,6175,6378,normal
Oph,6299,6556,normal
Oph,6378,6453,thin
Oph,6378,6603,normal
Oph,6453,6492,thin
Oph,6556,6603,normal
Oph,6603,6629,normal
Oph,6629,6698,normal
Ori,1543,1544,thin
Ori,1543,1552,thin
Ori,1543,1790,thin
Ori,1544,1570,thin
Ori,1552,1567,thin
Ori,1567,1601,thin
Ori,1570,1580,thin
Ori,1580,1638,thin
Ori,1713,1788,bold
Ori,1788,1852,bold
Ori,1790,1852,bold
Ori,1790,1879,normal
Ori,1790,2061,normal
Ori,1852,1903,bold
Ori,1879,2061,normal
Ori,1903,1948,bold
Ori,1948,2004,bold
Ori,1948,2061,bold
Ori,2047,2135,thin
Ori,2047,2159,thin
Ori,2061,2124,thin
Ori,2124,2159 2199,thin
Ori,2135,2199,thin
Pav,6582,6745,thin
Pav,6745,6855,thin
Pav,6745,7107,thin
Pav,6855,7074,thin
Pav,6982,7665,thin
Pav,7074,7665,thin
Pav,7107,7665,thin
Pav,7590,7665,thin
Pav,7665,7790,normal
Pav,7665,7913,normal
Pav,7790,8181,thin
Pav,7913,8181,thin
Peg,15,39,bold
Peg,15,8775,bold
Peg,39,8781,bold
Peg,8308,8450,normal
Peg,8315,8430,normal
Peg,8430,8667,normal
Peg,8450,8634,normal
Peg,8454,8650,normal
Peg,8634,8781,normal
Peg,8650,8775,normal
Peg,8667,8684,normal
Peg,8684,8775,normal
Peg,8775,8781,bold
Per,496,799,thin
Per,799,937,thin
Per,834,854,normal
Per,834,915,normal
Per,854,915,normal
Per,854,937,normal
Per,915,1017,normal
Per,921,936,normal
Per,936,941,normal
Per,936,1220,normal
Per,937,941,normal
Per,937,1017,normal
Per,1017,1122,normal
Per,1122,1220,normal
Per,1122,1273,thin
Per,1131,1203,normal
Per,1203,1228,normal
Per,1220,1228,normal
Per,1261,1324,thin
Per,1273,1303,thin
Per,1303,1324,thin
Phe,25,99,thin
Phe,25,322,thin
Phe,99,322,normal
Phe,322,338,thin
Phe,322,429,normal
Phe,338,440,thin
Phe,429,440,thin
Pic,2020,2042,thin
Pic,2042,2550,thin
PsA,8305,8326,thin
PsA,8305,8431,thin
PsA,8326,8431,thin
PsA,8431,8576,thin
PsA,8431,8628,thin
PsA,8576,8695,thin
PsA,8628,8728,thin
PsA,8695,8720,thin
PsA,8720,8728,thin
Psc,224,294,normal
Psc,224,9072,normal
Psc,294,489,normal
Psc,352,360,normal
Psc,352,383,normal
Psc,360,383,normal
Psc,360,437,normal
Psc,437,510,normal
Psc,489,596,normal
Psc,510,596,normal
Psc,8852,8911,normal
Psc,8852,8916,normal
Psc,8911,8984,normal
Psc,8916,8969,normal
Psc,8969,8984,normal
Psc,8969,9072,normal
Pup,2326,2451,normal
Pup,2451,2773,normal
Pup,2773,2922,normal
Pup,2922,2948,normal
Pup,2922,2996,thin
Pup,2948,3045,normal
Pup,2996,3034,thin
Pup,3034,3045,thin
Pup,3045,3185,normal
Pup,3165,3185,normal
Pup,3165,3207,normal
Pyx,3165,3438,thin
Pyx,3438,3468,thin
Pyx,3468,3518,thin
Ret,1175,1247,thin
Ret,1175,1336,thin
Ret,1247,1355,thin
Ret,1336,1355,thin
Scl,280,9016,thin
Scl,8863,8937,thin
Scl,8863,9016,thin
Sco,5928,5944,thin
Sco,5944,5953,bold
Sco,5953,5984,bold
Sco,5953,6084,bold
Sco,5984,6027,thin
Sco,6084,6134,bold
Sco,6134,6165,bold
Sco,6165,6241,bold
Sco,6241,6247,bold
Sco,6247,6271,bold
Sco,6271,6380,bold
Sco,6380,6553,bold
Sco,6508,6527,bold
Sco,6508,6580,bold
Sco,6527,6630,bold
Sco,6553,6615,bold
Sco,6580,6615,bold
Sct,6930,6973,thin
Sct,6930,7020,thin
Sct,6973,7063,thin
Sct,7020,7063,thin
Ser,5788,5854,normal
Ser,5788,5867,normal
Ser,5842,5867,normal
Ser,5842,5879,normal
Ser,5854,5892,normal
Ser,5867,5933,normal
Ser,5879,5933,normal
Ser,5881,5892,normal
Ser,5881,6056,normal
Ser,6378,6561,normal
Ser,6561,6698,normal
Ser,6698,6869,normal
Ser,6869,7141,normal
Sex,3909,3981,thin
Sex,3981,4119,thin
Sex,4116,4119,thin
Sge,7479,7536,normal
Sge,7488,7536,normal
Sge,7536,7635,normal
Sgr,6746,6859,bold
Sgr,6746,6879,bold
Sgr,6812,6913,thin
Sgr,6832,6879,thin
Sgr,6859,6879,bold
Sgr,6859,6913,bold
Sgr,6859,7039,bold
Sgr,6879,7194,bold
Sgr,6913,7039,bold
Sgr,7039,7121,bold
Sgr,7039,7194,bold
Sgr,7121,7234,bold
Sgr,7150,7217,thin
Sgr,7150,7264,thin
Sgr,7194,7234,bold
Sgr,7217,7264,thin
Sgr,7264,7340,thin
Tau,1030,1101,thin
Tau,1038,1239,normal
Tau,1038,1251,thin
Tau,1239,1346,normal
Tau,1346,1373,normal
Tau,1346,1412,normal
Tau,1373,1409,normal
Tau,1409,1791,normal
Tau,1412,1457,normal
Tau,1457,1910,normal
Tel,6783,6897,thin
Tel,6897,6905,thin
TrA,5671,5771,normal
TrA,5671,6217,normal
TrA,5771,5897,normal
TrA,5897,6217,normal
Tri,544,622,normal
Tri,544,664,normal
Tri,622,664,normal
Tuc,77,126,thin
Tuc,77,9076,thin
Tuc,126,8848,thin
Tuc,8502,8540,thin
Tuc,8502,8848,thin
Tuc,8540,9076,thin
UMa,3323,3757,normal
UMa,3323,3888,normal
UMa,3569,3594,normal
UMa,3594,3775,normal
UMa,3757,3888,normal
UMa,3757,4301,normal
UMa,3775,3888,normal
UMa,3888,4295,normal
UMa,4033,4069,normal
UMa,4069,4335,normal
UMa,4295,4301,bold
UMa,4295,4554,bold
UMa,4301,4660,bold
UMa,4335,4518,normal
UMa,4375,4377,normal
UMa,4377,4518,normal
UMa,4518,4554,normal
UMa,4554,4660,bold
UMa,4660,4905,bold
UMa,4905,5054,bold
UMa,5054,5191,bold
UMi,424,6789,normal
UMi,5563,5735,normal
UMi,5563,5903,normal
UMi,5735,6116,normal
UMi,5903,6116,normal
UMi,5903,6322,normal
UMi,6322,6789,normal
Vel,3207,3485,normal
Vel,3207,3634,normal
Vel,3485,3734,normal
Vel,3634,3786,normal
Vel,3734,3940,normal
Vel,3786,4023,normal
Vel,3940,4216,normal
Vel,4023,4216,normal
Vir,4517,4540,normal
Vir,4517,4608,normal
Vir,4540,4689,normal
Vir,4608,4689,normal
Vir,4689,4825,normal
Vir,4825,4910,normal
Vir,4825,4963,normal
Vir,4825,5107,normal
Vir,4910,4932,normal
Vir,4963,5056,normal
Vir,5107,5264,normal
Vir,5107,5338,normal
Vir,5264,5511,normal
Vir,5338,5487,normal
Vol,2736,2803,thin
Vol,2736,3223,thin
Vol,2803,3223,thin
Vol,3223,3347,thin
Vol,3223,3615,thin
Vol,3347,3615,thin
Vul,7405,7592,thin
